Player,Team,Age,G,GS,CG,SHO,IP,H,ER,K,BB,HR,W,L,SV,BS,HLD,ERA,WHIP
Adam Wainwright,STL,39,34,34,5,2,241.2,223,79,219,35,15,19,9,0,0,0,2.94,1.07
Clayton Kershaw,LAD,32,33,33,3,2,236.0,164,48,232,52,11,16,9,0,0,0,1.83,0.92
James Shields,KC,38,34,34,2,0,228.2,215,80,196,68,20,13,9,0,0,0,3.15,1.24
R.A. Dickey,TOR,45,34,34,3,1,224.2,207,105,177,71,35,14,13,0,0,0,4.21,1.24
Cliff Lee,PHI,42,31,31,2,1,222.2,193,71,222,32,22,14,8,0,0,0,2.87,1.01
Cole Hamels,PHI,36,33,33,1,0,220.0,205,88,202,50,21,8,14,0,0,0,3.60,1.16
Hisashi Iwakuma,SEA,38,33,33,0,0,219.2,179,65,185,42,25,14,6,0,0,0,2.66,1.01
Justin Verlander,DET,37,34,34,0,0,218.1,212,84,217,75,19,13,12,0,0,0,3.46,1.31
Max Scherzer,DET,36,32,32,0,0,214.1,152,69,240,56,18,21,3,0,0,0,2.90,0.97
Chris Sale,CWS,31,30,30,4,1,214.1,184,73,226,46,23,11,14,0,0,0,3.07,1.07
Jeff Samardzija,CHC,35,33,33,2,1,213.2,210,103,214,78,25,8,13,0,0,0,4.34,1.35
Jon Lester,BOS,36,33,33,1,1,213.1,209,89,177,67,19,15,8,0,0,0,3.75,1.29
Jordan Zimmermann,WAS,34,32,32,4,2,213.1,192,77,161,40,19,19,9,0,0,0,3.25,1.09
Derek Holland,TEX,33,33,33,2,2,213.0,210,81,189,64,20,10,9,0,0,0,3.42,1.29
C.J. Wilson,LAA,39,33,33,0,0,212.1,200,80,188,85,15,17,7,0,0,0,3.39,1.34
Jeremy Guthrie,KC,41,33,33,3,2,211.2,236,95,111,59,30,15,12,0,0,0,4.04,1.39
Ervin Santana,KC,37,32,32,0,0,211.0,190,76,161,51,26,9,10,0,0,0,3.24,1.14
CC Sabathia,NYY,40,32,32,2,0,211.0,224,112,175,65,28,14,13,0,0,0,4.78,1.37
Mat Latos,CIN,32,32,32,1,0,210.2,197,74,187,58,14,14,7,0,0,0,3.16,1.21
Yu Darvish,TEX,34,32,32,0,0,209.2,145,66,277,80,26,13,9,0,0,0,2.83,1.07
Homer Bailey,CIN,34,32,32,2,1,209.0,181,81,199,54,20,11,12,0,0,0,3.49,1.12
Doug Fister,DET,36,33,32,1,0,208.2,229,85,159,44,14,14,9,0,0,0,3.67,1.31
Patrick Corbin,ARI,31,32,32,3,0,208.1,189,79,178,54,19,14,8,0,0,0,3.41,1.17
Chris Tillman,BAL,32,33,33,1,0,206.1,184,85,179,68,33,16,7,0,0,0,3.71,1.22
Mike Minor,ATL,32,32,32,1,0,204.2,177,73,181,46,22,13,9,0,0,0,3.21,1.09
Felix Hernandez,SEA,34,31,31,0,0,204.1,185,69,216,46,15,12,10,0,0,0,3.04,1.13
Mark Buehrle,TOR,41,33,33,1,1,203.2,223,94,139,51,24,12,10,0,0,0,4.15,1.35
Eric Stults,SD,40,33,33,2,0,203.2,219,89,131,40,18,11,13,0,0,0,3.93,1.27
Wade Miley,ARI,33,33,33,0,0,202.2,201,80,147,66,21,10,10,0,0,0,3.55,1.32
Bronson Arroyo,CIN,43,32,32,2,1,202.0,199,85,124,34,32,14,12,0,0,0,3.79,1.15
Lance Lynn,STL,33,33,33,0,0,201.2,189,89,198,76,14,15,10,0,0,0,3.97,1.31
Madison Bumgarner,SF,31,31,31,0,0,201.1,146,62,199,62,15,13,9,0,0,0,2.77,1.03
Hiroki Kuroda,NYY,45,32,32,1,1,201.1,191,74,150,43,20,11,13,0,0,0,3.31,1.16
Travis Wood,CHC,33,32,32,0,0,200.0,163,69,144,66,18,9,12,0,0,0,3.11,1.15
Jose Quintana,CWS,31,33,33,0,0,200.0,188,78,164,56,23,9,7,0,0,0,3.51,1.22
A.J. Griffin,OAK,32,32,32,1,1,200.0,171,85,171,54,36,14,10,0,0,0,3.83,1.13
Dillon Gee,NYM,34,32,32,2,0,199.0,208,80,142,47,24,12,11,0,0,0,3.62,1.28
Kyle Lohse,MIL,41,32,32,2,1,198.2,196,74,125,36,26,11,10,0,0,0,3.35,1.17
Tim Lincecum,SF,36,32,32,1,1,197.2,184,96,193,76,21,10,14,0,0,0,4.37,1.32
Jhoulys Chacin,COL,32,31,31,0,0,197.1,188,76,126,61,11,14,10,0,0,0,3.47,1.26
Kris Medlen,ATL,34,32,31,0,0,197.0,194,68,157,47,18,15,12,0,0,0,3.11,1.22
Jarrod Parker,OAK,31,32,32,1,0,197.0,178,87,134,63,25,12,8,0,0,0,3.97,1.22
Gio Gonzalez,WAS,35,32,32,1,1,195.2,169,73,192,76,17,11,8,0,0,0,3.36,1.25
Justin Masterson,CLE,35,32,29,3,3,193.0,156,74,195,76,13,14,10,0,0,0,3.45,1.20
Mike Leake,CIN,32,31,31,0,0,192.1,193,72,122,48,21,14,7,0,0,0,3.37,1.25
Hyun-Jin Ryu,LAD,33,30,30,2,1,192.0,182,64,154,49,15,14,8,0,0,0,3.00,1.20
A.J. Burnett,PIT,43,30,30,1,0,191.0,165,70,209,67,11,10,11,0,0,0,3.30,1.21
Bartolo Colon,OAK,47,30,30,3,3,190.1,193,56,117,29,14,18,6,0,0,0,2.65,1.17
John Lackey,BOS,41,29,29,2,0,189.1,179,74,161,40,26,10,13,0,0,0,3.52,1.16
David Price,TB,35,27,27,4,0,186.2,178,69,151,27,16,10,8,0,0,0,3.33,1.10
Julio Teheran,ATL,29,30,30,0,0,185.2,173,66,170,45,22,14,8,0,0,0,3.20,1.17
Andy Pettitte,NYY,48,30,30,1,0,185.1,198,77,128,48,17,11,11,0,0,0,3.74,1.33
Kevin Correia,MIN,40,31,31,0,0,185.1,218,86,101,45,24,9,13,0,0,0,4.18,1.42
Matt Cain,SF,35,30,30,0,0,184.1,158,82,158,55,23,8,10,0,0,0,4.00,1.16
Wily Peralta,MIL,31,32,32,2,1,183.1,187,89,129,73,19,11,15,0,0,0,4.37,1.42
Joe Saunders,SEA,39,32,32,2,0,183.0,232,107,107,61,25,11,16,0,0,0,5.26,1.60
Stephen Strasburg,WAS,32,30,30,1,1,183.0,136,61,191,56,16,8,9,0,0,0,3.00,1.05
Ubaldo Jimenez,CLE,36,32,32,0,0,182.2,163,67,194,80,16,13,9,0,0,0,3.30,1.33
Kyle Kendrick,PHI,36,30,30,2,1,182.0,207,95,110,47,18,10,13,0,0,0,4.70,1.40
Anibal Sanchez,DET,36,29,29,1,1,182.0,156,52,202,54,9,14,8,0,0,0,2.57,1.15
Yovani Gallardo,MIL,34,31,31,0,0,180.2,180,84,144,66,18,12,10,0,0,0,4.18,1.36
Matt Harvey,NYM,31,26,26,1,1,178.1,135,45,191,31,7,9,5,0,0,0,2.27,0.93
Zack Greinke,LAD,36,28,28,1,1,177.2,152,52,148,46,13,15,4,0,0,0,2.63,1.11
Rick Porcello,DET,31,32,29,1,0,177.0,185,85,142,42,18,13,8,0,0,0,4.32,1.28
Edwin Jackson,CHC,37,31,31,0,0,175.1,197,97,135,59,16,8,18,0,0,0,4.98,1.46
Andrew Cashner,SD,34,31,26,1,1,175.0,151,60,128,47,12,10,9,0,0,1,3.09,1.13
Jeremy Hellickson,TB,33,32,31,0,0,174.0,185,100,135,50,24,12,10,0,0,0,5.17,1.35
Shelby Miller,STL,29,31,31,1,1,173.1,152,59,169,57,20,15,9,0,0,0,3.06,1.21
Jose Fernandez,MIA,28,28,28,0,0,172.2,111,42,187,58,10,12,6,0,0,0,2.19,0.98
Miguel Gonzalez,BAL,36,30,28,0,0,171.1,157,72,120,53,24,11,8,0,0,0,3.78,1.23
Ryan Dempster,BOS,43,32,29,0,0,171.1,170,87,157,79,26,8,9,0,0,0,4.57,1.45
Dan Haren,WAS,40,31,30,0,0,169.2,179,88,151,31,28,10,14,1,0,0,4.67,1.24
Jerome Williams,LAA,38,37,25,0,0,169.1,181,86,107,55,23,9,10,0,0,0,4.57,1.39
Jorge De La Rosa,COL,39,30,30,0,0,167.2,170,65,112,62,11,16,6,0,0,0,3.49,1.38
Jeff Locke,PIT,32,30,30,0,0,166.1,146,65,125,84,11,10,7,0,0,0,3.52,1.38
Felix Doubront,BOS,32,29,27,0,0,162.1,161,78,139,71,13,11,6,0,0,0,4.32,1.43
Francisco Liriano,PIT,36,26,26,2,0,161.0,134,54,163,63,9,16,8,0,0,0,3.02,1.22
Scott Kazmir,CLE,36,29,29,0,0,158.0,162,71,162,47,19,10,9,0,0,0,4.04,1.32
Juan Nicasio,COL,34,31,31,0,0,157.2,168,90,119,64,17,9,9,0,0,0,5.14,1.47
Tommy Milone,OAK,33,28,26,1,0,156.1,160,72,126,39,25,12,9,0,0,0,4.14,1.27
Jered Weaver,LAA,37,24,24,0,0,154.1,139,56,117,37,17,11,8,0,0,0,3.27,1.14
Lucas Harrell,HOU,35,36,22,0,0,153.2,174,100,89,88,20,6,17,0,1,0,5.86,1.70
Dallas Keuchel,HOU,32,31,22,0,0,153.2,184,88,123,52,20,6,10,0,0,2,5.15,1.54
Paul Maholm,ATL,38,26,26,0,0,153.0,169,75,105,47,17,10,11,0,0,0,4.41,1.41
Mike Pelfrey,MIN,36,29,29,0,0,152.2,184,88,101,53,13,5,13,0,0,0,5.19,1.55
Dan Straily,OAK,31,27,27,0,0,152.1,132,67,124,57,16,10,8,0,0,0,3.96,1.24
Roberto Hernandez,TB,39,32,24,1,0,151.0,164,82,113,38,24,6,13,1,0,0,4.89,1.34
Erik Bedard,HOU,41,32,26,0,0,151.0,149,77,138,75,18,4,12,1,2,0,4.59,1.48
Matt Moore,TB,31,27,27,1,1,150.1,119,55,143,76,14,17,4,0,0,0,3.29,1.30
Jason Vargas,LAA,37,24,24,3,2,150.0,162,67,109,46,17,9,8,0,0,0,4.02,1.39
Hector Santiago,CWS,32,34,23,0,0,149.0,137,59,137,72,17,4,9,0,0,0,3.56,1.40
Corey Kluber,CLE,34,26,24,0,0,147.1,153,63,136,33,15,11,5,0,0,0,3.85,1.26
Trevor Cahill,ARI,32,26,25,0,0,146.2,143,65,102,65,13,8,10,0,0,0,3.99,1.42
Phil Hughes,NYY,34,30,29,0,0,145.2,170,84,121,42,24,4,14,0,0,0,5.19,1.46
Garrett Richards,LAA,32,47,17,1,0,145.0,151,67,101,44,12,7,8,1,1,5,4.16,1.34
Alex Cobb,TB,32,22,22,1,0,143.1,120,44,134,45,13,11,3,0,0,0,2.76,1.15
Jon Niese,NYM,33,24,24,1,1,143.0,158,59,105,48,10,8,8,0,0,0,3.71,1.44
Tom Koehler,MIA,34,29,23,0,0,143.0,140,70,92,54,14,5,10,0,0,0,4.41,1.36
Edinson Volquez,SD,37,27,27,0,0,142.1,168,95,116,69,14,9,10,0,0,0,6.01,1.67
Jordan Lyles,HOU,29,27,25,0,0,141.2,165,88,93,49,17,7,9,1,0,1,5.59,1.51
Ivan Nova,NYY,33,23,20,3,2,139.1,135,48,116,44,9,9,6,0,0,0,3.10,1.28
Jason Hammel,BAL,38,26,23,0,0,139.1,155,77,96,48,22,7,8,1,0,1,4.97,1.46
John Danks,CWS,35,22,22,0,0,138.1,151,73,89,27,28,4,14,0,0,0,4.75,1.29
Esmil Rogers,TOR,35,44,20,0,0,137.2,152,73,96,44,21,5,9,0,1,4,4.77,1.42
Wei-Yin Chen,BAL,35,23,23,0,0,137.0,142,62,104,39,17,7,7,0,0,0,4.07,1.32
Wade Davis,KC,35,31,24,0,0,135.1,169,80,114,58,15,8,11,0,0,0,5.32,1.68
Brandon McCarthy,ARI,37,22,22,2,1,135.0,161,68,76,21,13,5,11,0,0,0,4.53,1.35
Zach McAllister,CLE,32,24,24,0,0,134.1,134,56,101,49,13,9,9,0,0,0,3.75,1.36
Barry Zito,SF,42,30,25,0,0,133.1,173,85,86,54,19,5,11,0,0,0,5.74,1.70
Joe Blanton,LAA,39,28,20,0,0,132.2,180,89,108,34,29,2,14,0,0,0,6.04,1.61
Tim Hudson,ATL,45,21,21,0,0,131.1,120,58,95,36,10,8,7,0,0,0,3.97,1.19
Scott Diamond,MIN,34,24,24,0,0,131.0,163,79,52,36,21,6,13,0,0,0,5.43,1.52
Jeremy Hefner,NYM,34,24,23,0,0,130.2,132,63,99,37,20,4,8,0,0,0,4.34,1.29
Chris Archer,TB,32,23,23,2,2,128.2,107,46,101,38,15,9,7,0,0,0,3.22,1.13
Carlos Villanueva,CHC,36,47,15,0,0,128.2,117,58,103,40,14,7,8,0,1,2,4.06,1.22
Dylan Axelrod,CWS,35,30,20,0,0,128.1,170,81,73,43,24,4,11,0,0,0,5.68,1.66
Marco Estrada,MIL,37,21,21,0,0,128.0,109,55,118,29,19,7,4,0,0,0,3.87,1.08
Bud Norris,HOU,35,21,21,0,0,126.0,135,55,90,43,11,6,9,0,0,0,3.93,1.41
Tyson Ross,SD,33,35,16,0,0,125.0,100,44,119,44,8,3,8,0,0,0,3.17,1.15
Martin Perez,TEX,29,20,20,1,0,124.1,129,50,84,37,15,10,6,0,0,0,3.62,1.34
Joe Kelly,STL,32,37,15,0,0,124.0,124,37,79,44,10,10,5,0,1,2,2.69,1.35
Ian Kennedy,ARI,35,21,21,0,0,124.0,128,72,108,48,18,3,8,0,0,0,5.23,1.42
Bruce Chen,KC,43,34,15,0,0,121.0,107,44,78,36,13,9,4,0,2,2,3.27,1.18
Aaron Harang,SEA,42,22,22,2,2,120.1,133,77,87,28,21,5,11,0,0,0,5.76,1.34
Jacob Turner,MIA,29,20,20,1,0,118.0,116,49,77,54,11,3,8,0,0,0,3.74,1.44
Jason Marquis,SD,42,20,20,0,0,117.2,111,53,72,68,18,9,5,0,0,0,4.05,1.52
Gerrit Cole,PIT,30,19,19,0,0,117.1,109,42,100,28,7,10,7,0,0,0,3.22,1.17
Jake Westbrook,STL,43,21,19,1,1,116.2,132,60,44,50,7,7,8,0,0,0,4.63,1.56
Randall Delgado,ARI,30,20,19,1,1,116.1,116,55,79,23,24,5,7,0,0,0,4.26,1.19
Charlie Morton,PIT,36,20,20,0,0,116.0,113,42,85,36,6,7,4,0,0,0,3.26,1.28
Ricky Nolasco,MIA,37,18,18,0,0,112.1,112,48,90,25,11,5,8,0,0,0,3.85,1.22
Tyler Chatwood,COL,30,20,20,1,0,111.1,118,39,66,41,5,8,5,0,0,0,3.15,1.43
Clay Buchholz,BOS,36,16,16,1,1,108.1,75,21,96,36,4,12,1,0,0,0,1.74,1.02
Samuel Deduno,MIN,37,18,18,0,0,108.0,105,46,67,41,7,8,8,0,0,0,3.83,1.35
Nathan Eovaldi,MIA,30,18,18,0,0,106.1,100,40,78,40,7,4,6,0,0,0,3.39,1.32
Chris Capuano,LAD,42,24,20,0,0,105.2,125,50,81,24,11,4,7,0,1,0,4.26,1.41
Tony Cingrani,CIN,31,23,18,0,0,104.2,72,34,120,43,14,7,4,0,0,1,2.92,1.10
Alexi Ogando,TEX,36,23,18,0,0,104.1,87,36,72,41,11,7,4,0,0,0,3.11,1.23
Ryan Vogelsong,SF,43,19,19,0,0,103.2,124,66,67,38,15,4,6,0,0,0,5.73,1.56
Henderson Alvarez,MIA,30,17,17,1,1,102.2,90,41,57,27,2,5,6,0,0,0,3.59,1.14
Jonathan Pettibone,PHI,30,18,18,0,0,100.1,109,45,66,38,9,5,4,0,0,0,4.04,1.47
Zack Wheeler,NYM,30,17,17,0,0,100.0,90,38,84,46,10,7,5,0,0,0,3.42,1.36
Chad Gaudin,SF,37,30,12,0,0,97.0,81,33,88,40,6,5,2,0,0,2,3.06,1.25
Anthony Swarzak,MIN,35,48,0,0,0,96.0,89,31,69,22,7,3,2,0,2,3,2.91,1.16
Luis Mendoza,KC,36,22,15,0,0,94.0,106,56,54,43,10,2,6,0,0,0,5.36,1.59
Nick Tepesch,TEX,31,19,17,0,0,93.0,100,50,76,27,12,4,6,0,0,0,4.84,1.37
J.A. Happ,TOR,37,18,18,0,0,92.2,91,47,77,45,10,5,7,0,0,0,4.56,1.47
Kevin Slowey,MIA,36,20,14,0,0,92.0,106,42,76,18,12,3,6,0,0,0,4.11,1.35
Josh Collmenter,ARI,34,49,0,0,0,92.0,79,32,85,33,8,5,5,0,1,5,3.13,1.22
Scott Feldman,CHC,37,15,15,1,0,91.0,79,35,67,25,10,7,6,0,0,0,3.46,1.14
Scott Feldman,BAL,37,15,15,1,1,90.2,80,43,65,31,9,5,6,0,0,0,4.27,1.22
Brandon Maurer,SEA,30,22,14,0,0,90.0,114,63,70,27,16,5,8,0,0,0,6.30,1.57
Justin Grimm,TEX,31,17,17,0,0,89.0,116,63,68,31,15,7,7,0,0,0,6.37,1.65
Alfredo Simon,CIN,39,63,0,0,0,87.2,68,28,63,26,8,6,4,1,2,6,2.87,1.07
Ricky Nolasco,LAD,37,16,15,0,0,87.0,83,34,75,21,6,8,3,0,0,0,3.52,1.20
David Phelps,NYY,33,22,12,0,0,86.2,88,48,79,35,8,6,5,0,1,1,4.98,1.42
Carlos Torres,NYM,37,33,9,0,0,86.1,79,33,75,17,15,4,6,0,0,3,3.44,1.11
Tommy Hunter,BAL,34,68,0,0,0,86.1,71,27,68,14,11,6,5,4,2,21,2.81,0.98
Tom Gorzelanny,MIL,38,43,10,0,0,85.1,77,37,83,31,11,3,6,0,1,6,3.90,1.27
Matt Garza,TEX,36,13,13,1,0,84.1,89,41,74,22,12,4,5,0,0,0,4.38,1.32
Brad Peacock,HOU,32,18,14,0,0,83.1,78,48,77,37,15,5,6,0,0,2,5.18,1.38
Craig Stammen,WAS,36,55,0,0,0,81.2,78,25,79,27,4,7,6,0,1,7,2.76,1.29
Josh Johnson,TOR,36,16,16,0,0,81.1,105,56,83,30,15,2,8,0,0,0,6.20,1.66
Jeanmar Gomez,PIT,32,34,8,0,0,80.2,65,30,53,28,6,3,0,0,0,3,3.35,1.15
Ryan Webb,MIA,34,66,0,0,0,80.1,70,26,54,27,5,2,6,0,3,5,2.91,1.21
Jake Peavy,CWS,39,13,13,1,0,80.0,74,38,76,17,14,8,4,0,0,0,4.28,1.14
AJ Ramos,MIA,34,68,0,0,0,80.0,58,28,86,43,4,3,4,0,4,11,3.15,1.26
Adam Ottavino,COL,34,51,0,0,0,78.1,73,23,78,31,5,1,3,0,0,8,2.64,1.33
Shaun Marcum,NYM,38,14,12,0,0,78.1,85,46,60,21,7,1,10,0,0,0,5.29,1.35
Nate Jones,CWS,34,70,0,0,0,78.0,69,36,89,26,5,4,5,0,4,16,4.15,1.22
Alex Wood,ATL,29,31,11,0,0,77.2,76,27,77,27,3,3,3,0,0,1,3.13,1.33
Todd Redmond,TOR,35,17,14,0,0,77.0,70,37,76,23,13,4,3,0,0,0,4.32,1.21
Adam Warren,NYY,33,34,2,0,0,77.0,80,29,64,30,10,3,2,1,0,1,3.39,1.43
Brandon Kintzler,MIL,36,71,0,0,0,77.0,66,23,58,16,2,3,3,0,4,27,2.69,1.06
Kenley Jansen,LAD,32,75,0,0,0,76.2,48,16,111,18,6,4,3,28,4,16,1.88,0.86
Tanner Scheppers,TEX,33,76,0,0,0,76.2,58,16,59,24,6,6,2,1,2,27,1.88,1.07
Ryan Pressly,MIN,31,49,0,0,0,76.2,71,33,49,27,5,3,3,0,0,1,3.87,1.28
Drew Smyly,DET,31,63,0,0,0,76.0,62,20,81,17,4,6,0,2,4,21,2.37,1.04
Wilton Lopez,COL,37,75,0,0,0,75.1,88,34,48,18,6,3,4,0,5,8,4.06,1.41
Trevor Rosenthal,STL,30,74,0,0,0,75.1,63,22,108,20,4,2,4,3,5,29,2.63,1.10
Bryan Shaw,CLE,32,70,0,0,0,75.0,60,27,73,28,4,7,3,1,4,12,3.24,1.17
T.J. McFarland,BAL,31,38,1,0,0,74.2,83,35,58,28,7,4,1,0,0,0,4.22,1.49
John Lannan,PHI,36,14,14,0,0,74.1,86,44,38,27,6,3,6,0,0,0,5.33,1.52
Koji Uehara,BOS,45,73,0,0,0,74.1,33,9,101,9,5,4,1,21,3,13,1.09,0.57
Alfredo Figaro,MIL,36,33,5,0,0,74.0,77,34,54,15,15,3,3,1,0,0,4.14,1.24
Justin Wilson,PIT,33,58,0,0,0,73.2,50,17,59,28,4,6,1,0,3,14,2.08,1.06
Vin Mazzaro,PIT,34,57,0,0,0,73.2,68,23,46,21,3,8,2,1,2,6,2.81,1.21
Anthony Varvaro,ATL,35,62,0,0,0,73.1,68,23,43,25,3,3,1,1,2,6,2.82,1.27
Paul Clemens,HOU,32,35,5,0,0,73.1,82,44,49,26,16,4,7,0,2,7,5.40,1.47
Brad Ziegler,ARI,40,78,0,0,0,73.0,61,18,44,22,3,8,1,13,2,11,2.22,1.14
Tommy Hanson,LAA,34,15,13,0,0,73.0,83,44,56,30,10,4,3,0,0,0,5.42,1.55
Matt Belisle,COL,40,72,0,0,0,73.0,76,35,62,15,6,5,7,0,5,24,4.32,1.25
Erasmo Ramirez,SEA,30,14,13,0,0,72.1,79,40,57,26,12,5,3,0,0,0,4.98,1.45
Dane De La Rosa,LAA,37,75,0,0,0,72.1,56,23,65,28,3,6,1,2,3,20,2.86,1.16
Tony Watson,PIT,35,67,0,0,0,71.2,51,19,54,12,5,3,1,2,2,22,2.39,0.88
Brett Oberholtzer,HOU,31,13,10,2,1,71.2,66,22,45,13,7,4,5,0,0,0,2.76,1.10
Addison Reed,CWS,31,68,0,0,0,71.1,56,30,72,23,6,5,4,40,8,0,3.79,1.11
Ross Detwiler,WAS,34,13,13,0,0,71.1,92,32,39,14,5,2,7,0,0,0,4.04,1.49
Joel Peralta,TB,44,80,0,0,0,71.1,47,27,74,34,7,3,8,1,3,41,3.41,1.14
Matt Garza,CHC,36,11,11,0,0,71.0,61,25,62,20,8,6,1,0,0,0,3.17,1.14
Tyler Clippard,WAS,35,72,0,0,0,71.0,37,19,73,24,9,6,3,0,3,33,2.41,0.86
Mark Melancon,PIT,35,72,0,0,0,71.0,60,11,70,8,1,3,2,16,5,26,1.39,0.96
LaTroy Hawkins,NYM,47,72,0,0,0,70.2,71,23,55,10,6,3,2,13,3,12,2.93,1.15
Jeff Francis,COL,39,23,12,0,0,70.1,89,49,63,24,12,3,5,0,0,0,6.27,1.61
Jim Johnson,BAL,37,74,0,0,0,70.1,72,23,56,18,5,3,8,50,9,0,2.94,1.28
Luke Hochevar,KC,37,58,0,0,0,70.1,41,15,82,17,8,5,2,2,3,9,1.92,0.82
Cody Allen,CLE,31,77,0,0,0,70.1,62,19,88,26,7,6,1,2,2,11,2.43,1.25
Jamey Wright,TB,45,66,1,0,0,70.0,61,24,65,23,4,2,2,0,1,6,3.09,1.20
Tim Stauffer,SD,38,43,0,0,0,69.2,59,29,64,20,7,3,1,0,1,7,3.75,1.13
Steve Cishek,MIA,34,69,0,0,0,69.2,53,18,74,22,3,4,6,34,2,1,2.33,1.08
Aaron Loup,TOR,32,64,0,0,0,69.1,66,19,53,13,5,4,6,2,1,8,2.47,1.14
Sean Doolittle,OAK,34,70,0,0,0,69.0,53,24,60,13,4,5,5,2,5,26,3.13,0.96
Ernesto Frieri,LAA,35,67,0,0,0,68.2,55,29,98,30,11,2,4,37,4,2,3.80,1.24
Donovan Hand,MIL,34,31,7,0,0,68.1,71,28,37,21,10,1,5,0,1,2,3.69,1.35
Junichi Tazawa,BOS,34,71,0,0,0,68.1,70,24,72,12,9,5,4,0,8,25,3.16,1.20
Ronald Belisario,LAD,37,77,0,0,0,68.0,72,30,49,28,3,5,7,1,4,21,3.97,1.47
Jon Garland,COL,41,12,12,0,0,68.0,85,44,32,23,9,4,6,0,0,0,5.82,1.59
Yoervis Medina,SEA,32,63,0,0,0,68.0,49,22,71,40,5,4,6,1,3,19,2.91,1.31
Mike Dunn,MIA,35,75,0,0,0,67.2,53,20,72,28,5,3,4,2,3,18,2.66,1.20
Rex Brothers,COL,32,72,0,0,0,67.1,51,13,76,36,5,2,1,19,2,12,1.74,1.29
Cesar Ramos,TB,36,48,0,0,0,67.1,66,31,53,22,6,2,2,1,0,1,4.14,1.31
Ryan Cook,OAK,33,71,0,0,0,67.1,62,19,67,25,2,6,4,2,7,23,2.54,1.29
Joaquin Benoit,DET,43,66,0,0,0,67.0,47,15,73,22,5,4,1,24,2,9,2.01,1.03
Craig Kimbrel,ATL,32,68,0,0,0,67.0,39,9,98,20,4,4,3,50,4,0,1.21,0.88
Greg Holland,KC,34,68,0,0,0,67.0,40,9,103,18,3,2,1,47,3,1,1.21,0.87
Tyler Thornburg,MIL,32,18,7,0,0,66.2,53,15,48,26,1,3,1,0,0,0,2.03,1.19
Fernando Rodney,TB,43,68,0,0,0,66.2,53,25,82,36,3,5,4,37,8,0,3.38,1.34
Rafael Soriano,WAS,40,68,0,0,0,66.2,65,23,51,17,7,3,3,43,6,0,3.11,1.23
Chris Rusin,CHC,33,13,13,0,0,66.1,66,29,36,24,8,2,6,0,0,0,3.93,1.36
Luke Gregerson,SD,36,73,0,0,0,66.1,49,20,64,18,3,6,8,4,5,25,2.71,1.01
David Robertson,NYY,35,70,0,0,0,66.1,51,15,77,18,5,5,1,3,2,33,2.04,1.04
Jared Burton,MIN,39,71,0,0,0,66.0,61,28,61,22,6,2,9,2,5,27,3.82,1.26
J.J. Hoover,CIN,33,69,0,0,0,66.0,47,21,67,26,6,5,5,3,2,13,2.86,1.11
Heath Bell,ARI,43,69,0,0,0,65.2,74,30,72,16,12,5,2,15,7,8,4.11,1.37
David Carpenter,ATL,35,56,0,0,0,65.2,45,13,74,20,5,4,1,0,0,12,1.78,0.99
Luis Avilan,ATL,31,75,0,0,0,65.0,40,11,38,22,1,5,0,0,2,27,1.52,0.95
Bryan Morris,PIT,33,55,0,0,0,65.0,57,25,37,28,8,5,7,0,0,7,3.46,1.31
Dale Thayer,SD,39,69,0,0,0,65.0,59,24,64,22,8,3,5,1,3,18,3.32,1.25
Charlie Furbush,SEA,34,71,0,0,0,65.0,48,27,80,29,5,2,6,0,6,20,3.74,1.18
Edward Mujica,STL,36,65,0,0,0,64.2,60,20,46,5,9,2,1,37,4,5,2.78,1.01
Jake Peavy,BOS,39,10,10,1,0,64.2,56,29,45,19,6,4,1,0,0,0,4.04,1.16
Joe Nathan,TEX,45,67,0,0,0,64.2,36,10,73,22,2,6,2,43,3,0,1.39,0.90
Michael Wacha,STL,29,15,9,0,0,64.2,52,20,65,19,5,4,1,0,1,0,2.78,1.10
Sonny Gray,OAK,30,12,10,0,0,64.0,51,19,67,20,4,5,3,0,0,0,2.67,1.11
Mariano Rivera,NYY,50,64,0,0,0,64.0,58,15,54,9,6,6,2,44,7,0,2.11,1.05
Aroldis Chapman,CIN,33,68,0,0,0,63.2,37,18,112,29,7,4,5,38,5,0,2.54,1.04
Joe Smith,CLE,36,70,0,0,0,63.0,54,16,54,23,5,6,2,3,5,25,2.29,1.22
Matt Albers,CLE,37,56,0,0,0,63.0,57,22,35,23,2,3,1,0,0,1,3.14,1.27
Glen Perkins,MIN,37,61,0,0,0,62.2,43,16,77,15,5,2,0,36,4,0,2.30,0.93
Wandy Rodriguez,PIT,41,12,12,0,0,62.2,58,25,46,12,10,6,4,0,0,0,3.59,1.12
Grant Balfour,OAK,42,65,0,0,0,62.2,48,18,72,27,7,1,3,38,3,0,2.59,1.20
Jake McGee,TB,34,71,0,0,0,62.2,52,28,75,22,8,5,3,1,4,28,4.02,1.18
David Hernandez,ARI,35,62,0,0,0,62.1,50,31,66,24,10,5,6,2,6,15,4.48,1.19
Burke Badenhop,MIL,37,63,0,0,0,62.1,62,24,42,12,6,2,3,1,3,5,3.47,1.19
Robbie Ross,TEX,31,65,0,0,0,62.1,63,21,58,19,4,4,2,0,1,16,3.03,1.32
Darren O'Day,BAL,37,68,0,0,0,62.0,47,15,59,15,7,5,3,2,4,20,2.18,1.00
Casey Fien,MIN,36,73,0,0,0,62.0,51,27,73,12,9,5,2,0,2,17,3.92,1.02
Roy Halladay,PHI,43,13,13,1,0,62.0,55,47,51,36,12,4,5,0,0,0,6.82,1.47
Kevin Gregg,CHC,42,62,0,0,0,62.0,53,24,56,32,6,2,6,33,5,0,3.48,1.37
Chad Qualls,MIA,42,66,0,0,0,62.0,57,18,49,19,4,5,2,0,2,15,2.61,1.23
J.P. Howell,LAD,37,67,0,0,0,62.0,42,14,54,23,2,4,1,0,0,11,2.03,1.05
Josh Roenicke,MIN,38,63,0,0,0,62.0,63,30,45,36,6,3,1,1,2,12,4.35,1.60
Seth Maness,STL,31,66,0,0,0,62.0,65,16,35,13,4,5,2,1,2,15,2.32,1.26
Jonathan Papelbon,PHI,39,61,0,0,0,61.2,59,20,57,11,6,5,1,29,7,0,2.92,1.14
Drew Storen,WAS,33,68,0,0,0,61.2,65,31,58,19,7,4,2,3,5,24,4.52,1.36
Brian Duensing,MIN,37,73,0,0,0,61.0,68,27,56,22,4,6,2,1,3,15,3.98,1.48
Sam LeCure,CIN,36,63,0,0,0,61.0,50,18,66,24,4,2,1,1,2,17,2.66,1.21
Matt Lindstrom,CWS,40,76,0,0,0,60.2,64,21,46,23,2,2,4,0,4,20,3.12,1.43
Johnny Cueto,CIN,34,11,11,0,0,60.2,46,19,51,18,7,5,2,0,0,0,2.82,1.05
Brett Cecil,TOR,34,60,0,0,0,60.2,44,19,70,23,4,5,1,1,2,11,2.82,1.10
Sergio Romo,SF,37,65,0,0,0,60.1,53,17,58,12,5,5,8,38,5,0,2.54,1.08
Ross Ohlendorf,WAS,38,16,7,0,0,60.1,56,22,45,14,8,4,1,0,1,1,3.28,1.16
Tyler Cloyd,PHI,33,13,11,0,0,60.1,83,44,41,25,7,2,7,0,0,0,6.56,1.79
Jim Henderson,MIL,37,61,0,0,0,60.0,44,18,75,24,8,5,5,28,4,5,2.70,1.13
Andrew Albers,MIN,34,10,10,1,1,60.0,64,27,25,7,6,2,5,0,0,0,4.05,1.18
Jerry Blevins,OAK,37,67,0,0,0,60.0,47,21,52,17,7,5,0,0,4,4,3.15,1.07
Jarred Cosart,HOU,30,10,10,0,0,60.0,46,13,33,35,3,1,1,0,0,0,1.95,1.35
Craig Breslow,BOS,40,61,0,0,0,59.2,49,12,33,18,3,5,2,0,1,14,1.81,1.12
Tom Wilhelmsen,SEA,36,59,0,0,0,59.0,45,27,45,33,2,0,3,24,5,2,4.12,1.32
Carter Capps,SEA,30,53,0,0,0,59.0,73,36,66,23,12,3,3,0,2,9,5.49,1.63
Steve Delabar,TOR,37,55,0,0,0,58.2,50,21,82,29,4,5,5,1,5,6,3.22,1.35
Kelvin Herrera,KC,30,59,0,0,0,58.1,48,25,74,21,9,5,7,2,2,20,3.86,1.18
Stephen Fife,LAD,33,12,10,0,0,58.1,69,25,45,20,7,4,4,0,0,0,3.86,1.53
Alex Torres,TB,32,39,0,0,0,58.0,32,11,62,20,1,4,2,0,1,5,1.71,0.90
Jesse Chavez,OAK,37,35,0,0,0,57.1,50,25,55,20,3,2,4,1,1,1,3.92,1.22
Ian Kennedy,SD,35,10,10,0,0,57.1,52,27,55,25,9,4,2,0,0,0,4.24,1.34
Neal Cotts,TEX,40,58,0,0,0,57.0,36,7,65,18,2,8,3,1,3,11,1.11,0.95
Huston Street,SD,37,58,0,0,0,56.2,44,17,46,14,12,2,5,33,2,0,2.70,1.02
Pedro Hernandez,MIN,31,14,12,0,0,56.2,80,43,29,23,10,3,3,0,0,0,6.83,1.82
Andre Rienzo,CWS,32,10,10,0,0,56.0,55,30,38,28,11,2,3,0,0,0,4.82,1.48
Troy Patton,BAL,35,56,0,0,0,56.0,57,23,42,16,8,2,0,0,1,8,3.70,1.30
Danny Farquhar,SEA,33,46,0,0,0,55.2,44,26,79,22,2,0,3,16,4,2,4.20,1.19
Alex Sanabia,MIA,32,10,10,0,0,55.1,69,30,31,25,10,3,7,0,0,0,4.88,1.70
Jaime Garcia,STL,34,9,9,0,0,55.1,57,22,43,15,6,5,2,0,0,0,3.58,1.30
George Kontos,SF,35,52,0,0,0,55.1,60,27,47,18,7,2,2,0,1,5,4.39,1.41
Logan Ondrusek,CIN,35,52,0,0,0,55.0,53,25,53,16,8,3,1,0,1,6,4.09,1.25
Robbie Erlin,SD,29,11,9,0,0,54.2,53,25,40,15,6,3,3,0,0,0,4.12,1.24
John Axford,MIL,37,62,0,0,0,54.2,62,27,54,23,10,6,7,0,6,19,4.45,1.55
Hector Rondon,CHC,32,45,0,0,0,54.2,52,29,44,25,6,2,1,0,1,2,4.77,1.41
Phil Humber,HOU,37,17,7,0,0,54.2,75,48,36,20,9,0,8,0,2,0,7.90,1.74
Brandon Morrow,TOR,36,10,10,0,0,54.1,63,34,42,18,12,2,3,0,0,0,5.63,1.49
Brandon League,LAD,37,58,0,0,0,54.1,69,32,28,15,8,6,4,14,5,2,5.30,1.55
Paco Rodriguez,LAD,29,76,0,0,0,54.1,30,14,63,19,5,3,4,2,3,20,2.32,0.90
Chris Perez,CLE,35,54,0,0,0,54.0,56,26,54,21,11,5,3,25,5,1,4.33,1.43
Josh Outman,COL,36,61,0,0,0,54.0,56,26,53,23,3,3,0,0,1,13,4.33,1.46
Tanner Roark,WAS,33,14,5,0,0,53.2,38,9,40,11,1,7,1,0,0,1,1.51,0.91
Tim Collins,KC,31,66,0,0,0,53.1,49,21,52,28,3,3,6,0,5,21,3.54,1.44
Shawn Kelley,NYY,36,57,0,0,0,53.1,47,26,71,23,8,4,2,0,1,11,4.39,1.31
Jean Machi,SF,38,51,0,0,0,53.0,46,14,51,12,2,3,1,0,2,11,2.38,1.09
Oliver Perez,SEA,39,61,0,0,0,53.0,50,22,74,26,6,3,3,2,1,8,3.74,1.43
Freddy Garcia,BAL,43,11,10,0,0,53.0,60,34,26,12,16,3,5,0,0,0,5.77,1.36
Michael Kohn,LAA,34,63,0,0,0,53.0,42,22,52,28,7,1,4,0,2,8,3.74,1.32
Tyler Lyons,STL,32,12,8,0,0,53.0,49,28,43,16,5,2,4,0,0,0,4.75,1.23
Will Harris,ARI,36,61,0,0,0,52.2,50,17,53,15,3,4,1,0,1,4,2.91,1.23
Casey Janssen,TOR,39,56,0,0,0,52.2,39,15,50,13,3,4,1,34,2,1,2.56,0.99
Clayton Richard,SD,37,12,11,0,0,52.2,65,41,24,21,13,2,5,0,0,0,7.01,1.63
James Russell,CHC,34,74,0,0,0,52.2,46,21,37,18,7,1,6,0,8,19,3.59,1.22
Danny Salazar,CLE,30,10,10,0,0,52.0,44,18,65,15,7,2,3,0,0,0,3.12,1.13
Taylor Jordan,WAS,31,9,9,0,0,51.2,59,21,29,11,3,1,3,0,0,0,3.66,1.35
Jake Arrieta,CHC,34,9,9,0,0,51.2,34,21,37,24,7,4,2,0,0,0,3.66,1.12
Kyle Gibson,MIN,32,10,10,0,0,51.0,69,37,29,20,7,2,4,0,0,0,6.53,1.75
Scott Rice,NYM,39,73,0,0,0,51.0,42,21,41,27,1,4,5,0,2,17,3.71,1.35
Brian Matusz,BAL,33,65,0,0,0,51.0,43,20,50,16,3,2,1,0,4,18,3.53,1.16
Bud Norris,BAL,35,11,9,0,0,50.2,61,27,57,24,6,4,3,0,0,0,4.80,1.68
Preston Claiborne,NYY,32,44,0,0,0,50.1,51,23,42,14,7,0,2,0,0,4,4.11,1.29
Bobby Parnell,NYM,36,49,0,0,0,50.0,38,12,44,12,1,5,5,22,4,0,2.16,1.00
Santiago Casilla,SF,40,57,0,0,0,50.0,39,12,38,25,2,7,2,2,1,23,2.16,1.28
Jason Grilli,PIT,43,54,0,0,0,50.0,40,15,74,13,4,0,2,33,2,2,2.70,1.06
Mike Gonzalez,MIL,42,75,0,0,0,50.0,58,26,60,25,10,0,3,0,3,11,4.68,1.66
Darren Oliver,TOR,49,50,0,0,0,49.0,47,21,40,15,6,3,4,0,3,8,3.86,1.27
Jason Frasor,TEX,43,61,0,0,0,49.0,36,14,48,20,4,4,3,0,1,10,2.57,1.14
Jose Mijares,SF,35,60,0,0,0,49.0,67,23,54,20,3,0,3,0,0,6,4.22,1.78
Al Alburquerque,DET,34,53,0,0,0,49.0,39,25,70,34,5,4,3,0,0,10,4.59,1.49
Vance Worley,MIN,33,10,10,0,0,48.2,82,39,25,15,9,1,5,0,0,0,7.21,1.99
Wade LeBlanc,MIA,36,13,7,0,0,48.2,63,28,31,15,6,1,5,0,0,0,5.18,1.60
Yusmeiro Petit,SF,35,8,7,1,1,48.0,46,19,47,11,4,4,1,0,0,0,3.56,1.19
Aaron Crow,KC,33,57,0,0,0,48.0,49,18,44,22,6,7,5,1,3,19,3.38,1.48
Kevin Gausman,BAL,29,20,5,0,0,47.2,51,30,49,13,8,3,5,0,2,2,5.66,1.34
Ross Wolf,TEX,37,22,3,0,0,47.2,58,22,21,15,5,1,3,0,0,1,4.15,1.53
Liam Hendriks,MIN,31,10,8,0,0,47.1,67,36,34,14,10,1,3,0,0,0,6.85,1.71
Jordan Walden,ATL,32,50,0,0,0,47.0,39,18,54,14,4,4,3,1,2,14,3.45,1.13
Carlos Carrasco,CLE,33,15,7,0,0,46.2,64,35,30,18,4,1,4,0,0,0,6.75,1.76
Justin De Fratus,PHI,32,58,0,0,0,46.2,45,20,42,25,3,3,3,0,1,9,3.86,1.50
Nick Vincent,SD,34,45,0,0,0,46.1,33,11,49,11,1,6,3,1,0,10,2.14,0.95
Blake Parker,CHC,35,49,0,0,0,46.1,39,14,55,15,4,1,2,1,0,7,2.72,1.17
Edgmer Escalona,COL,33,37,0,0,0,46.0,52,29,34,14,8,1,4,0,1,7,5.67,1.43
Manny Parra,CIN,37,57,0,0,0,46.0,40,17,56,15,5,2,3,0,1,16,3.33,1.20
Caleb Thielbar,MIN,33,49,0,0,0,46.0,24,9,39,14,4,3,2,0,0,1,1.76,0.83
Scott Atchison,NYM,44,50,0,0,0,45.1,45,22,28,12,4,3,3,0,0,10,4.37,1.26
Brett Anderson,OAK,32,16,5,0,0,44.2,51,30,46,21,5,1,4,3,0,1,6.04,1.61
Chad Bettis,COL,31,16,8,0,0,44.2,55,28,30,20,6,1,3,0,1,3,5.64,1.68
Joe Ortiz,TEX,30,32,0,0,0,44.2,46,21,27,10,5,2,2,0,0,2,4.23,1.25
Jose Cisnero,HOU,31,28,0,0,0,43.2,49,20,41,22,5,2,2,0,2,5,4.12,1.63
Josh Beckett,LAD,40,8,8,1,0,43.1,50,25,41,15,8,0,5,0,0,0,5.19,1.50
Jose Veras,HOU,39,42,0,0,0,43.0,29,14,44,14,4,0,4,19,3,0,2.93,1.00
Antonio Bastardo,PHI,35,48,0,0,0,42.2,33,11,47,21,2,3,2,2,3,14,2.32,1.27
Anthony Bass,SD,32,24,0,0,0,42.0,51,25,31,20,4,0,0,0,0,0,5.36,1.69
Joba Chamberlain,NYY,35,45,0,0,0,42.0,47,23,38,26,8,2,1,1,0,5,4.93,1.74
Manuel Corpas,COL,37,31,0,0,0,41.2,40,21,30,16,5,1,2,0,0,3,4.54,1.34
Brandon Workman,BOS,32,20,3,0,0,41.2,44,23,47,15,5,6,3,0,1,1,4.97,1.42
Sandy Rosario,SF,35,43,0,0,0,41.2,38,14,24,20,1,3,2,0,0,7,3.02,1.39
Wesley Wright,HOU,35,54,0,0,0,41.1,45,18,40,16,5,0,4,0,4,8,3.92,1.48
Dan Jennings,MIA,33,47,0,0,0,40.2,39,17,38,16,1,2,4,0,2,1,3.76,1.35
Pat Neshek,OAK,40,45,0,0,0,40.1,40,15,29,15,6,2,1,0,0,1,3.35,1.36
Ethan Martin,PHI,31,15,8,0,0,40.0,42,27,47,26,9,2,5,0,1,0,6.08,1.70
Zack Britton,BAL,32,8,7,0,0,40.0,52,22,18,17,4,2,3,0,0,0,4.95,1.73
Blake Beavan,SEA,31,12,2,0,0,39.2,46,27,27,8,8,0,2,0,0,0,6.13,1.36
David Aardsma,NYM,38,43,0,0,0,39.2,39,19,36,19,7,2,2,0,2,4,4.31,1.46
Kevin Siegrist,STL,31,45,0,0,0,39.2,17,2,50,18,1,3,1,0,0,11,0.45,0.88
Javier Lopez,SF,43,69,0,0,0,39.1,30,8,37,12,1,4,2,1,0,15,1.83,1.07
P.J. Walters,MIN,35,8,8,0,0,39.1,51,26,22,18,5,2,5,0,0,0,5.95,1.75
Boone Logan,NYY,36,61,0,0,0,39.0,33,14,50,13,7,5,2,0,2,11,3.23,1.18
Dan Otero,OAK,35,33,0,0,0,39.0,42,6,27,6,0,2,0,0,1,8,1.38,1.23
Rich Hill,CLE,40,63,0,0,0,38.2,38,27,51,29,3,1,2,0,2,13,6.28,1.73
Daisuke Matsuzaka,NYM,40,7,7,0,0,38.2,32,19,33,16,4,3,3,0,0,0,4.42,1.24
Tyler Skaggs,ARI,29,7,7,0,0,38.2,38,22,36,15,7,2,3,0,0,0,5.12,1.37
Jose Alvarez,DET,31,14,6,0,0,38.2,42,25,31,16,7,1,5,0,0,2,5.82,1.50
Phil Coke,DET,38,49,0,0,0,38.1,43,23,30,21,3,0,5,1,2,4,5.40,1.67
Jeremy Bonderman,SEA,37,7,7,0,0,38.1,40,21,16,17,4,1,3,0,0,0,4.93,1.49
Jake Diekman,PHI,33,45,0,0,0,38.1,34,11,41,16,1,1,4,0,1,11,2.58,1.30
Neil Wagner,TOR,36,36,0,0,0,38.0,39,16,33,13,5,2,4,0,1,10,3.79,1.37
Josh Fields,HOU,35,41,0,0,0,38.0,31,21,40,18,8,1,3,5,1,6,4.97,1.29
Fernando Abad,WAS,34,39,0,0,0,37.2,42,14,32,10,3,0,3,0,1,2,3.35,1.38
Michael Bowden,CHC,34,34,0,0,0,37.2,32,18,23,15,3,1,3,0,2,0,4.30,1.25
Tony Sipp,ARI,37,56,0,0,0,37.2,35,20,42,22,6,3,2,0,2,3,4.78,1.51
Alfredo Aceves,BOS,37,11,6,0,0,37.0,42,20,24,22,8,4,1,0,0,0,4.86,1.73
Lucas Luetge,SEA,33,35,0,0,0,37.0,42,20,27,16,2,1,3,0,0,1,4.86,1.57
Jesse Crain,CWS,39,38,0,0,0,36.2,31,3,46,11,0,2,3,0,1,19,0.74,1.15
Hector Ambriz,HOU,36,43,0,0,0,36.1,50,23,27,14,8,2,4,2,3,13,5.70,1.76
Burch Smith,SD,30,10,7,0,0,36.1,39,26,46,21,9,1,3,0,0,0,6.44,1.65
Kevin Jepsen,LAA,36,45,0,0,0,36.0,41,18,36,14,3,1,3,0,2,8,4.50,1.53
Randy Choate,STL,45,64,0,0,0,35.1,26,9,28,11,0,2,1,0,1,15,2.29,1.05
Darin Downs,DET,35,29,0,0,0,35.1,36,19,37,11,4,0,2,0,0,4,4.84,1.33
Ryan Mattheus,WAS,36,37,0,0,0,35.1,52,25,22,15,1,0,2,0,3,6,6.37,1.90
Vinnie Pestano,CLE,35,37,0,0,0,35.1,37,16,37,21,6,1,2,6,3,6,4.08,1.64
Pedro Strop,CHC,35,37,0,0,0,35.0,22,11,42,11,1,2,2,1,0,14,2.83,0.94
Raul Valdes,PHI,42,17,1,0,0,35.0,42,29,37,8,7,1,1,0,0,0,7.46,1.43
Travis Blackley,HOU,37,42,0,0,0,35.0,30,19,29,20,10,1,1,0,1,14,4.89,1.43
David Huff,NYY,36,11,2,0,0,34.2,26,18,26,8,7,3,1,0,0,0,4.67,0.98
Chris Withrow,LAD,31,26,0,0,0,34.2,20,10,43,13,5,3,0,1,1,4,2.60,0.95
J.J. Putz,ARI,43,40,0,0,0,34.1,26,9,38,17,4,3,1,6,5,6,2.36,1.25
Brandon Lyon,NYM,41,37,0,0,0,34.1,43,19,23,13,3,2,2,0,3,8,4.98,1.63
Gonzalez Germen,NYM,33,29,0,0,0,34.1,32,15,33,16,1,1,2,1,2,1,3.93,1.40
Jeremy Affeldt,SF,41,39,0,0,0,33.2,27,14,21,17,2,1,5,0,4,11,3.74,1.31
Chad Jenkins,TOR,32,10,3,0,0,33.1,31,10,15,6,3,1,0,0,0,0,2.70,1.11
Will Smith,KC,31,19,1,0,0,33.1,24,12,43,7,6,2,1,0,3,6,3.24,0.93
Rob Scahill,COL,33,23,0,0,0,33.1,40,19,20,9,5,1,0,0,0,1,5.13,1.47
Roy Oswalt,COL,43,9,6,0,0,32.1,49,31,34,9,3,0,6,0,0,1,8.63,1.79
Jared Hughes,PIT,35,29,0,0,0,32.0,37,17,23,16,2,2,3,0,0,3,4.78,1.66
Brad Lincoln,TOR,35,22,0,0,0,31.2,28,14,25,22,4,1,2,0,0,0,3.98,1.58
Juan Perez,TOR,39,19,0,0,0,31.2,23,13,33,15,3,1,2,0,1,0,3.69,1.20
Greg Burke,NYM,38,32,0,0,0,31.2,43,20,28,15,3,0,3,0,0,1,5.68,1.83
Nick Hagadone,CLE,34,36,0,0,0,31.1,24,19,30,21,4,0,1,0,1,2,5.46,1.44
Josh Lindblom,TEX,33,8,5,0,0,31.1,35,19,21,11,4,1,3,0,0,0,5.46,1.47
Luis Garcia,PHI,33,24,0,0,0,31.1,27,13,23,23,3,1,1,0,0,1,3.73,1.60
Brad Brach,SD,34,33,0,0,0,31.0,36,11,31,19,3,1,0,0,0,2,3.19,1.77
Cory Gearrin,ATL,34,37,0,0,0,31.0,30,13,23,16,2,2,1,1,2,1,3.77,1.48
Luis Ayala,ATL,42,37,0,0,0,31.0,34,10,20,13,1,1,1,0,2,10,2.90,1.52
Andrew Miller,BOS,35,37,0,0,0,30.2,25,9,48,17,3,1,2,0,1,6,2.64,1.37
Jonathan Broxton,CIN,36,34,0,0,0,30.2,27,14,25,12,4,2,2,0,3,12,4.11,1.27
Jeff Manship,COL,35,11,4,0,0,30.2,37,24,18,12,6,0,5,0,0,0,7.04,1.60
Johnny Hellweg,MIL,31,8,7,0,0,30.2,40,23,9,26,3,1,4,0,0,0,6.75,2.15
Brandon Cumpton,PIT,31,6,5,0,0,30.2,26,7,22,5,1,2,1,0,0,0,2.05,1.01
Clayton Mortensen,BOS,35,24,0,0,0,30.1,32,18,21,16,3,1,2,0,0,0,5.34,1.58
Allen Webster,BOS,30,8,7,0,0,30.1,37,29,23,18,7,1,2,0,0,0,8.60,1.81
Joe Thatcher,SD,39,50,0,0,0,30.0,28,7,29,4,3,3,1,0,2,11,2.10,1.07
Ramon Troncoso,CWS,37,29,0,0,0,30.0,30,15,18,16,4,1,4,0,0,1,4.50,1.53
Guillermo Moscoso,SF,36,13,2,0,0,30.0,20,17,31,21,5,2,2,0,0,0,5.10,1.37
Matt Guerrier,LAD,42,34,0,0,0,30.0,32,16,21,12,3,2,3,0,1,3,4.80,1.47
Brandon Beachy,ATL,34,5,5,0,0,30.0,27,15,23,4,5,2,1,0,0,0,4.50,1.03
Kyle Farnsworth,TB,44,39,0,0,0,29.2,37,19,19,7,4,2,0,0,1,2,5.76,1.48
James McDonald,PIT,35,6,6,0,0,29.2,29,19,25,20,1,2,2,0,0,0,5.76,1.65
Jake Odorizzi,TB,30,7,4,0,0,29.2,28,13,22,8,3,0,1,1,0,0,3.94,1.21
Luke Putkonen,DET,34,30,0,0,0,29.2,30,10,28,9,4,1,3,0,0,1,3.03,1.31
Louis Coleman,KC,34,27,0,0,0,29.2,19,2,32,6,1,3,0,0,0,4,0.61,0.84
Hiram Burgos,MIL,33,6,6,0,0,29.1,38,21,18,11,5,1,2,0,0,0,6.44,1.67
J.C. Gutierrez,KC,37,25,0,0,0,29.1,30,11,17,8,2,0,1,0,0,2,3.38,1.30
Greg Reynolds,CIN,35,6,5,0,0,29.1,38,18,13,6,5,1,3,0,0,0,5.52,1.50
Donald Veal,CWS,36,50,0,0,0,29.1,26,15,29,16,3,2,3,0,1,13,4.60,1.43
Scott Downs,LAA,44,43,0,0,0,29.1,26,6,22,11,1,2,3,0,3,18,1.84,1.26
Rafael Betancourt,COL,45,32,0,0,0,28.2,26,13,27,11,2,2,5,16,3,0,4.08,1.29
Zach Miner,PHI,38,16,3,0,0,28.2,33,14,20,17,4,0,2,0,1,0,4.40,1.74
Andrew Bailey,BOS,36,30,0,0,0,28.2,23,12,39,12,7,3,1,8,5,8,3.77,1.22
Bruce Rondon,DET,29,30,0,0,0,28.2,28,11,30,11,2,1,2,1,2,5,3.45,1.36
Josh Edgin,NYM,33,34,0,0,0,28.2,26,12,20,12,2,1,1,1,1,3,3.77,1.33
Carlos Martinez,STL,29,21,1,0,0,28.1,31,16,24,9,1,2,1,1,0,3,5.08,1.41
Mike Kickham,SF,31,12,3,0,0,28.1,46,32,29,10,8,0,3,0,0,0,10.16,1.98
Fernando Salas,STL,35,27,0,0,0,28.0,27,14,22,6,3,0,3,0,2,2,4.50,1.18
Matt Thornton,CWS,44,40,0,0,0,28.0,25,12,21,10,4,0,3,0,1,18,3.86,1.25
Edinson Volquez,LAD,37,6,5,0,0,28.0,25,13,26,8,5,0,2,0,0,0,4.18,1.18
Carlos Marmol,CHC,37,31,0,0,0,27.2,26,18,32,21,6,2,4,2,3,5,5.86,1.70
Rob Wooten,MIL,35,27,0,0,0,27.2,27,12,18,8,1,3,1,0,1,8,3.90,1.27
Alex Wilson,BOS,33,26,0,0,0,27.2,34,15,22,14,0,1,1,0,0,1,4.88,1.73
Josh Zeid,HOU,33,25,0,0,0,27.2,26,12,24,12,3,0,1,1,1,6,3.90,1.37
Erik Johnson,CWS,30,5,5,0,0,27.2,32,10,18,11,5,3,2,0,0,0,3.25,1.55
Matt Magill,LAD,30,6,6,0,0,27.2,27,20,26,28,6,0,2,0,0,0,6.51,1.99
Matt Reynolds,ARI,35,30,0,0,0,27.1,25,6,23,5,2,0,2,2,1,5,1.98,1.10
Ian Krol,WAS,29,32,0,0,0,27.1,28,12,22,8,5,2,1,0,1,2,3.95,1.32
Jenrry Mejia,NYM,30,5,5,0,0,27.1,28,7,27,4,2,1,2,0,0,0,2.30,1.17
Hector Noesi,SEA,33,12,1,0,0,27.1,42,20,21,12,3,0,1,0,0,0,6.59,1.98
Freddy Garcia,ATL,43,6,3,0,0,27.1,23,5,20,5,2,1,2,0,0,0,1.65,1.02
Chien-Ming Wang,TOR,40,6,6,0,0,27.0,40,23,14,9,5,1,2,0,0,0,7.67,1.81
Evan Scribner,OAK,35,18,0,0,0,26.2,26,13,19,7,3,0,0,0,0,0,4.39,1.24
Jeremy Horst,PHI,34,28,0,0,0,26.0,35,18,21,12,4,0,2,0,1,2,6.23,1.81
J.C. Gutierrez,LAA,37,28,0,0,0,26.0,26,15,28,12,3,1,4,0,1,2,5.19,1.46
Sergio Santos,TOR,37,29,0,0,0,25.2,11,5,28,4,1,1,1,1,2,8,1.75,0.58
Dustin McGowan,TOR,38,25,0,0,0,25.2,19,7,26,12,2,0,0,0,1,6,2.45,1.21
Ramon Ortiz,TOR,47,7,4,0,0,25.1,34,17,8,11,7,1,2,0,0,0,6.04,1.78
David Purcey,CWS,38,24,0,0,0,25.1,19,6,23,17,2,1,1,0,0,0,2.13,1.42
Franklin Morales,BOS,34,20,1,0,0,25.1,24,13,21,15,2,2,2,0,1,4,4.62,1.54
Jake Dunning,SF,32,29,0,0,0,25.1,20,8,16,11,2,0,2,0,0,2,2.84,1.22
Sean O'Sullivan,SD,33,7,3,0,0,25.0,31,11,12,14,0,0,2,0,0,0,3.96,1.80
Mike Adams,PHI,42,28,0,0,0,25.0,23,11,23,11,5,1,4,0,1,8,3.96,1.36
Francisco Rodriguez,MIL,38,25,0,0,0,24.2,17,3,26,9,2,1,1,10,0,1,1.09,1.05
Gavin Floyd,CWS,37,5,5,0,0,24.1,27,14,25,12,4,0,4,0,0,0,5.18,1.60
Danny Duffy,KC,31,5,5,0,0,24.1,19,5,22,14,0,2,0,0,0,0,1.85,1.36
JC Ramirez,PHI,32,18,0,0,0,24.0,30,20,16,15,6,0,1,0,0,3,7.50,1.88
James Paxton,SEA,31,4,4,0,0,24.0,15,4,21,7,2,3,0,0,0,0,1.50,0.92
Jake Arrieta,BAL,34,5,5,0,0,23.2,25,19,23,17,2,1,2,0,0,0,7.23,1.77
Joakim Soria,TEX,36,26,0,0,0,23.2,18,10,28,14,2,1,0,0,0,6,3.80,1.35
Evan Reed,DET,34,16,0,0,0,23.1,28,11,17,8,2,0,1,0,0,0,4.24,1.54
Curtis Partch,CIN,33,14,0,0,0,23.1,17,16,16,17,8,0,1,0,0,0,6.17,1.46
Aaron Harang,NYM,42,4,4,0,0,23.0,20,9,26,12,5,0,1,0,0,0,3.52,1.39
Ted Lilly,LAD,44,5,5,0,0,23.0,27,13,18,10,4,0,2,0,0,0,5.09,1.61
Shawn Camp,CHC,44,26,0,0,0,23.0,34,18,13,9,7,1,1,0,3,4,7.04,1.87
Chaz Roe,ARI,33,21,0,0,0,22.1,18,10,24,13,3,1,0,0,2,1,4.03,1.39
Pedro Strop,BAL,35,29,0,0,0,22.1,23,18,24,15,4,0,3,0,3,3,7.25,1.70
Mike Fiers,MIL,35,11,3,0,0,22.1,28,18,15,6,8,1,4,0,0,0,7.25,1.52
Brad Boxberger,SD,32,18,0,0,0,22.0,19,7,24,13,3,0,1,1,0,0,2.86,1.45
Michael Kirkman,TEX,34,25,0,0,0,22.0,36,20,25,15,2,0,2,1,1,0,8.18,2.32
Francisco Rodriguez,BAL,38,23,0,0,0,22.0,25,11,28,5,5,2,1,0,0,4,4.50,1.36
Drew Pomeranz,COL,31,8,4,0,0,21.2,25,15,19,19,4,0,4,0,0,0,6.23,2.03
Brett Myers,CLE,40,4,3,0,0,21.1,29,19,12,5,10,0,3,0,0,0,8.02,1.59
Carlos Marmol,LAD,37,21,0,0,0,21.1,14,6,27,19,1,0,0,0,0,1,2.53,1.55
Josh Lueke,TB,35,19,0,0,0,21.1,23,12,25,12,3,0,2,0,0,2,5.06,1.64
Rhiner Cruz,HOU,33,20,0,0,0,21.1,25,8,10,11,2,0,2,0,0,1,3.38,1.69
Drake Britton,BOS,31,18,0,0,0,21.0,21,9,17,7,1,1,1,0,2,1,3.86,1.33
Brad Hand,MIA,30,7,2,0,0,20.2,13,7,15,8,2,1,1,0,0,0,3.05,1.02
Zach Duke,WAS,37,12,1,0,0,20.2,31,20,11,8,2,1,1,0,0,0,8.71,1.89
Marc Rzepczynski,CLE,35,27,0,0,0,20.1,11,2,20,6,1,0,0,0,0,6,0.89,0.84
Kevin Chapman,HOU,32,25,0,0,0,20.1,13,4,15,13,1,1,1,1,3,4,1.77,1.28
Joe Savery,PHI,34,18,0,0,0,20.0,15,7,14,11,1,2,0,0,0,1,3.15,1.30
Keith Butler,STL,31,16,0,0,0,20.0,13,9,16,11,0,0,0,0,0,0,4.05,1.20
Vidal Nuno,NYY,33,5,3,0,0,20.0,16,5,9,6,2,1,2,0,0,0,2.25,1.10
Michael Roth,LAA,30,15,1,0,0,20.0,24,16,17,6,0,1,1,0,0,0,7.20,1.50
Robert Carson,NYM,31,14,0,0,0,19.2,21,18,8,7,9,0,0,0,0,1,8.24,1.42
B.J. Rosenberg,PHI,35,22,0,0,0,19.2,20,10,19,9,0,2,0,1,0,2,4.58,1.47
Jose Veras,DET,39,25,0,0,0,19.2,16,7,16,8,2,0,1,2,1,9,3.20,1.22
Jose Valverde,DET,42,20,0,0,0,19.1,18,12,19,6,6,0,1,9,3,0,5.59,1.24
Jake Petricka,CWS,32,16,0,0,0,19.1,20,7,10,10,0,1,1,0,1,0,3.26,1.55
Chia-Jen Lo,HOU,34,19,0,0,0,19.1,14,9,16,13,2,0,3,2,3,1,4.19,1.40
Phillippe Aumont,PHI,31,22,0,0,0,19.1,24,9,19,13,0,1,3,0,0,1,4.19,1.91
Brandon Gomes,TB,36,26,0,0,0,19.1,18,14,29,7,4,3,1,0,0,0,6.52,1.29
Collin McHugh,COL,33,4,4,0,0,19.0,33,21,8,2,4,0,3,0,0,0,9.95,1.84
Brian Flynn,MIA,30,4,4,0,0,18.0,27,17,15,13,4,0,2,0,0,0,8.50,2.22
Eric O'Flaherty,ATL,35,19,0,0,0,18.0,12,5,11,5,2,3,0,0,1,12,2.50,0.94
Henry Rodriguez,WAS,33,17,0,0,0,18.0,14,8,11,16,1,0,1,0,0,1,4.00,1.67
Chris Resop,OAK,37,18,0,0,0,18.0,22,12,13,10,3,1,1,0,0,0,6.00,1.78
Michael Stutes,PHI,34,16,0,0,0,17.2,14,9,9,8,1,3,1,0,0,3,4.58,1.25
Billy Buckner,LAA,37,7,2,0,0,17.1,17,9,7,7,5,1,0,0,0,0,4.67,1.38
Cesar Jimenez,PHI,35,19,0,0,0,17.0,14,7,11,10,1,1,1,0,0,0,3.71,1.41
Colt Hynes,SD,35,22,0,0,0,17.0,25,17,13,9,3,0,0,0,0,1,9.00,2.00
Robert Coello,LAA,35,16,0,0,0,17.0,14,7,23,8,1,2,2,1,0,0,3.71,1.29
Josh Stinson,BAL,32,11,1,0,0,17.0,10,6,12,3,4,0,0,0,1,2,3.18,0.76
Trevor Bauer,CLE,29,4,4,0,0,17.0,15,10,11,16,3,1,2,0,0,0,5.29,1.82
Jon Rauch,MIA,42,15,0,0,0,16.2,23,14,15,7,1,1,2,0,0,1,7.56,1.80
Jeremy Bonderman,DET,37,11,0,0,0,16.2,18,12,16,10,3,1,1,0,0,0,6.48,1.68
Brian Omogrosso,CWS,36,12,0,0,0,16.1,28,17,16,9,2,0,2,0,0,0,9.37,2.27
Alex Colome,TB,31,3,3,0,0,16.0,14,4,12,9,2,1,1,0,0,0,2.25,1.44
Chad Durbin,PHI,42,16,0,0,0,16.0,25,16,16,9,4,1,0,0,0,0,9.00,2.13
Steve Johnson,BAL,33,9,1,0,0,15.2,14,13,20,13,2,1,1,0,0,1,7.47,1.72
Charles Leesman,CWS,33,8,1,0,0,15.1,16,12,13,16,2,0,0,0,0,1,7.04,2.09
Buddy Boshers,LAA,32,25,0,0,0,15.1,13,8,13,8,0,0,0,0,0,6,4.70,1.37
Matt Thornton,BOS,44,20,0,0,0,15.1,22,6,9,5,0,0,1,0,0,1,3.52,1.76
Travis Blackley,TEX,37,4,3,0,0,15.1,16,8,11,2,2,1,1,0,0,0,4.70,1.17
Peter Moylan,LAD,41,14,0,0,0,15.1,23,11,6,7,3,1,0,0,0,1,6.46,1.96
Yordano Ventura,KC,29,3,3,0,0,15.1,13,6,11,6,3,0,1,0,0,0,3.52,1.24
Cole De Vries,MIN,35,4,2,0,0,15.0,22,18,12,9,6,0,2,0,0,0,10.80,2.07
Cory Rasmus,LAA,32,16,0,0,0,15.0,16,7,14,10,2,1,1,0,1,2,4.20,1.73
Scott Baker,CHC,39,3,3,0,0,15.0,9,6,6,4,3,0,0,0,0,0,3.60,0.87
Taijuan Walker,SEA,28,3,3,0,0,15.0,11,6,12,4,0,1,0,0,0,0,3.60,1.00
Mitchell Boggs,STL,36,18,0,0,0,14.2,21,18,11,15,3,0,3,2,3,0,11.05,2.45
Eury De La Rosa,ARI,30,19,0,0,0,14.2,13,12,16,5,5,0,1,0,0,2,7.36,1.23
Brooks Raley,CHC,32,9,0,0,0,14.0,11,8,14,8,2,0,0,0,0,0,5.14,1.36
Scott Downs,ATL,44,25,0,0,0,14.0,19,6,15,8,0,2,1,0,1,8,3.86,1.93
Jonathan Sanchez,PIT,37,5,4,0,0,13.2,25,18,15,8,7,0,3,0,0,0,11.85,2.41
Brian Wilson,LAD,38,18,0,0,0,13.2,8,1,13,4,0,2,1,0,0,3,0.66,0.88
Steven Wright,BOS,36,4,1,0,0,13.1,12,8,10,9,0,2,0,0,0,0,5.40,1.58
Derek Lowe,TEX,47,9,0,0,0,13.0,16,13,8,3,3,1,0,0,0,1,9.00,1.46
Arquimedes Caminero,MIA,33,13,0,0,0,13.0,10,4,12,3,2,0,0,0,1,1,2.77,1.00
Vic Black,NYM,32,15,0,0,0,13.0,11,5,12,4,1,3,0,1,1,4,3.46,1.15
Matt Guerrier,CHC,42,15,0,0,0,12.2,11,3,9,5,0,2,1,0,2,5,2.13,1.26
Sam Freeman,STL,33,13,0,0,0,12.1,8,3,8,5,0,1,0,0,0,1,2.19,1.05
Wesley Wright,TB,35,16,0,0,0,12.1,9,4,15,3,2,0,0,0,0,1,2.92,0.97
John Gast,STL,31,3,3,0,0,12.1,11,7,8,5,1,2,0,0,0,0,5.11,1.30
Kyuji Fujikawa,CHC,40,12,0,0,0,12.0,11,7,14,2,1,1,1,2,1,1,5.25,1.08
Brett Marshall,NYY,30,3,0,0,0,12.0,13,6,7,7,3,0,0,0,0,0,4.50,1.67
Chad Billingsley,LAD,36,2,2,0,0,12.0,12,4,6,5,1,1,0,0,0,0,3.00,1.42
Nate Karns,WAS,32,3,3,0,0,12.0,17,10,11,6,5,0,1,0,0,0,7.50,1.92
Jose Ortega,DET,31,11,0,0,0,11.2,10,5,10,6,2,0,2,0,1,2,3.86,1.37
Kameron Loe,ATL,39,9,1,0,0,11.2,17,8,8,5,2,1,2,0,0,0,6.17,1.89
Mark Lowe,LAA,37,11,0,0,0,11.2,11,12,7,11,1,1,0,0,0,1,9.26,1.89
Pedro Feliciano,NYM,44,25,0,0,0,11.1,11,5,9,6,1,0,2,0,0,5,3.97,1.50
Zeke Spruill,ARI,31,6,2,0,0,11.1,17,7,9,5,3,0,2,0,0,0,5.56,1.94
Daniel Webb,CWS,31,9,0,0,0,11.1,9,4,10,4,0,0,0,0,0,1,3.18,1.15
Jose De La Torre,BOS,34,7,0,0,0,11.1,10,8,15,10,2,0,0,0,0,0,6.35,1.76
Rubby De La Rosa,BOS,31,11,0,0,0,11.1,15,7,6,2,2,0,2,0,0,0,5.56,1.50
Cory Burns,TEX,32,10,0,0,0,11.1,12,4,5,7,1,1,0,0,0,0,3.18,1.68
Michael Tonkin,MIN,30,9,0,0,0,11.1,9,1,10,3,0,0,0,0,0,0,0.79,1.06
David Martinez,HOU,33,4,0,0,0,11.1,16,9,6,3,1,1,0,0,1,0,7.15,1.68
Ryan Reid,PIT,35,7,0,0,0,11.0,9,2,7,3,1,0,0,1,1,0,1.64,1.09
Sam Dyson,MIA,32,5,1,0,0,11.0,16,11,5,5,2,0,2,0,0,0,9.00,1.91
David Hale,ATL,33,2,2,0,0,11.0,11,1,14,1,0,1,0,0,0,0,0.82,1.09
Jeurys Familia,NYM,30,9,0,0,0,10.2,12,5,8,9,2,0,0,1,0,0,4.22,1.97
Javy Guerra,LAD,34,9,0,0,0,10.2,15,8,12,6,1,0,0,0,0,0,6.75,1.97
Zach Duke,CIN,37,14,0,0,0,10.2,8,1,7,2,1,0,1,0,0,1,0.84,0.94
Matt Harrison,TEX,35,2,2,0,0,10.2,14,10,12,7,2,0,2,0,0,0,8.44,1.97
Bobby LaFromboise,SEA,34,10,0,0,0,10.2,12,7,11,4,0,0,1,0,0,1,5.91,1.50
Michael Blazek,STL,31,11,0,0,0,10.1,10,8,10,10,2,0,0,0,0,0,6.97,1.94
Sean Marshall,CIN,38,16,0,0,0,10.1,4,2,10,2,0,0,1,0,0,7,1.74,0.58
Jeremy Jeffress,TOR,33,10,0,0,0,10.1,8,1,12,5,1,1,0,0,0,0,0.87,1.26
Kris Johnson,PIT,35,4,1,0,0,10.1,12,7,9,4,0,0,2,0,0,0,6.10,1.55
Marc Rzepczynski,STL,35,11,0,0,0,10.1,16,9,9,4,1,0,0,0,0,0,7.84,1.94
John Axford,STL,37,13,0,0,0,10.1,11,2,11,3,0,1,0,0,1,0,1.74,1.35
Pedro Beato,BOS,33,10,0,0,0,10.0,12,4,5,2,1,1,1,0,0,0,3.60,1.40
Aaron Laffey,NYM,35,4,2,0,0,10.0,16,8,9,5,1,0,0,0,0,0,7.20,2.10
Edgar Gonzalez,HOU,37,5,0,0,0,10.0,17,8,8,3,4,0,1,0,0,0,7.20,2.00
Jimmy Nelson,MIL,31,4,1,0,0,10.0,2,1,8,5,0,0,0,0,0,0,0.90,0.70
Jorge De Leon,HOU,33,11,0,0,0,10.0,12,6,6,7,1,0,1,0,0,1,5.40,1.90
Sean Burnett,LAA,38,13,0,0,0,9.2,9,1,7,4,1,0,0,0,0,5,0.93,1.34
Shairon Martis,MIN,33,6,0,0,0,9.2,6,6,7,4,3,0,1,0,0,0,5.59,1.03
Chance Ruffin,SEA,32,9,0,0,0,9.2,14,9,15,5,3,0,2,0,1,0,8.38,1.97
Stolmy Pimentel,PIT,30,5,0,0,0,9.1,6,2,9,2,0,0,0,0,0,1,1.93,0.86
Joe Thatcher,ARI,39,22,0,0,0,9.1,12,7,7,6,1,0,1,0,2,4,6.75,1.93
Kyle McClellan,TEX,36,7,0,0,0,9.1,7,8,3,5,2,0,1,0,0,1,7.71,1.29
Ryan Brasier,LAA,33,7,0,0,0,9.0,7,2,7,4,1,0,0,0,0,0,2.00,1.22
Justin Grimm,CHC,31,10,0,0,0,9.0,4,2,8,3,0,0,2,0,0,3,2.00,0.78
Thad Weber,SD,36,3,0,0,0,9.0,5,2,6,5,1,0,0,0,0,0,2.00,1.11
Tom Layne,SD,35,14,0,0,0,8.2,10,2,6,5,1,0,2,0,0,0,2.08,1.73
Chris Hatcher,MIA,35,7,0,0,0,8.2,13,12,7,4,1,0,1,0,0,0,12.46,1.96
Matt Langwell,ARI,34,8,0,0,0,8.2,8,5,6,5,1,0,0,0,0,0,5.19,1.50
Erik Davis,WAS,33,10,0,0,0,8.2,10,3,12,1,0,1,0,0,0,0,3.12,1.27
Scott Barnes,CLE,33,6,0,0,0,8.2,8,7,10,3,3,0,1,1,0,0,7.27,1.27
Mitchell Boggs,COL,36,9,0,0,0,8.2,7,3,5,5,2,0,0,0,0,1,3.12,1.38
Kyle Farnsworth,PIT,44,9,0,0,0,8.2,6,1,9,3,1,1,1,2,0,0,1.04,1.04
Kameron Loe,CHC,39,7,0,0,0,8.1,12,5,4,4,3,0,0,0,0,1,5.40,1.92
Chris Volstad,COL,34,6,0,0,0,8.1,19,10,3,1,1,0,0,0,0,1,10.80,2.40
Barry Enright,LAA,34,4,2,0,0,8.1,12,12,6,7,2,0,2,0,0,0,12.96,2.28
Francisley Bueno,KC,39,7,0,0,0,8.1,4,0,5,2,0,1,0,0,0,1,0.00,0.72
Jose Dominguez,LAD,30,9,0,0,0,8.1,11,2,4,3,0,0,0,0,0,1,2.16,1.68
Edgar Gonzalez,TOR,37,3,0,0,0,8.0,9,7,3,5,2,0,0,0,0,0,7.88,1.75
Deunte Heath,CWS,35,5,0,0,0,7.2,8,10,3,12,2,0,0,0,0,0,11.74,2.61
Heath Hembree,SF,31,9,0,0,0,7.2,4,0,12,2,0,0,0,0,0,0,0.00,0.78
Ricky Romero,TOR,35,4,2,0,0,7.1,11,9,5,8,2,0,2,0,0,0,11.05,2.59
Jair Jurrjens,BAL,34,2,1,0,0,7.1,9,4,6,1,1,0,0,0,0,0,4.91,1.36
Joel Hanrahan,BOS,38,9,0,0,0,7.1,10,8,5,6,4,0,1,4,2,0,9.82,2.18
John Maine,MIA,39,4,0,0,0,7.1,15,10,7,5,2,0,0,0,0,0,12.27,2.73
Stephen Pryor,SEA,31,7,0,0,0,7.1,3,0,7,1,0,0,0,0,1,3,0.00,0.55
Josh Wall,LAD,33,6,0,0,0,7.0,17,14,7,6,2,0,1,0,0,0,18.00,3.29
Michael Blazek,MIL,31,7,0,0,0,7.0,6,3,4,3,1,0,1,0,0,0,3.86,1.29
Collin McHugh,NYM,33,3,1,0,0,7.0,12,8,3,3,2,0,1,0,0,0,10.29,2.14
Zac Rosscup,CHC,32,10,0,0,0,6.2,3,1,7,7,1,0,0,0,0,0,1.35,1.50
Cory Rasmus,ATL,32,3,0,0,0,6.2,8,6,6,3,4,0,0,0,0,0,8.10,1.65
Kameron Loe,SEA,39,4,0,0,0,6.2,11,8,3,1,6,1,1,0,0,0,10.80,1.80
Simon Castro,CWS,32,4,0,0,0,6.2,5,2,6,3,1,0,1,0,0,0,2.70,1.20
Eduardo Sanchez,CHC,31,4,0,0,0,6.1,5,4,5,5,1,0,1,0,0,0,5.68,1.58
Xavier Cedeno,HOU,34,5,0,0,0,6.1,10,8,3,7,0,0,0,0,0,0,11.37,2.68
Wade LeBlanc,HOU,36,4,0,0,0,6.1,9,5,2,5,1,0,0,0,0,0,7.11,2.21
Frank Francisco,NYM,41,8,0,0,0,6.1,4,3,6,3,0,1,0,1,0,0,4.26,1.11
Xavier Cedeno,WAS,34,11,0,0,0,6.0,5,1,6,1,0,0,0,0,0,2,1.50,1.00
Mike Zagurski,PIT,37,6,0,0,0,6.0,10,10,5,8,1,0,0,0,0,0,15.00,3.00
Matt Daley,NYY,38,7,0,0,0,6.0,2,0,8,0,0,1,0,0,0,0,0.00,0.33
Thad Weber,TOR,36,5,0,0,0,6.0,7,2,4,3,1,0,1,0,0,0,3.00,1.67
Charles Brewer,ARI,32,4,0,0,0,6.0,8,2,5,2,0,0,0,0,0,0,3.00,1.67
Alberto Cabrera,CHC,31,7,0,0,0,6.0,7,3,4,5,0,0,0,0,0,0,4.50,2.00
Pedro Villarreal,CIN,32,2,1,0,0,5.2,13,8,4,3,4,0,1,0,0,0,12.71,2.82
Donnie Joseph,KC,32,6,0,0,0,5.2,4,0,7,4,0,0,0,0,0,0,0.00,1.41
Ramon Ramirez,SF,39,6,0,0,0,5.2,9,7,0,5,2,0,0,0,0,1,11.12,2.47
Preston Guilmet,CLE,33,4,0,0,0,5.1,8,6,1,3,0,0,0,0,0,0,10.13,2.06
Matt Langwell,CLE,34,5,0,0,0,5.1,5,3,6,2,1,1,0,0,0,0,5.06,1.31
Nick Maronde,LAA,31,10,0,0,0,5.1,4,4,5,8,1,0,0,0,0,2,6.75,2.25
Matt Shoemaker,LAA,34,1,1,0,0,5.0,2,0,5,2,0,0,0,0,0,0,0.00,0.80
Jose Contreras,PIT,48,7,0,0,0,5.0,7,5,5,6,1,0,0,0,0,2,9.00,2.60
Rafael Dolis,CHC,32,5,0,0,0,5.0,3,0,0,2,0,0,0,0,0,0,0.00,1.00
Luis Perez,TOR,35,6,0,0,0,5.0,4,3,6,2,0,0,1,0,0,0,5.40,1.20
Edgar Olmos,MIA,30,5,0,0,0,5.0,7,4,2,3,2,0,1,0,0,0,7.20,2.00
Chang-Yong Lim,CHC,44,6,0,0,0,5.0,6,3,5,7,0,0,0,0,0,0,5.40,2.60
Dellin Betances,NYY,32,6,0,0,0,5.0,9,6,10,2,1,0,0,0,0,0,10.80,2.20
Joe Martinez,CLE,37,2,0,0,0,5.0,4,1,3,0,0,1,0,0,0,0,1.80,0.80
Neftali Feliz,TEX,32,6,0,0,0,4.2,5,0,4,2,0,0,0,0,0,0,0.00,1.50
Mauricio Robles,PHI,31,3,0,0,0,4.2,7,1,6,3,0,0,0,0,0,0,1.93,2.14
Octavio Dotel,DET,46,6,0,0,0,4.2,10,7,4,4,0,0,0,0,1,0,13.50,3.00
Tim Byrdak,NYM,46,8,0,0,0,4.2,5,4,3,2,2,0,0,0,0,0,7.71,1.50
Phil Irwin,PIT,33,1,1,0,0,4.2,6,4,4,4,0,0,0,0,0,0,7.71,2.14
Enny Romero,TB,29,1,1,0,0,4.2,1,0,0,4,0,0,0,0,0,0,0.00,1.07
C.C. Lee,CLE,33,8,0,0,0,4.1,4,2,4,3,0,0,0,0,0,1,4.15,1.62
Brayan Villarreal,DET,32,7,0,0,0,4.1,8,10,6,8,1,0,2,0,0,1,20.77,3.69
Steven Ames,MIA,32,4,0,0,0,4.0,6,2,4,2,0,0,1,0,0,0,4.50,2.00
Vic Black,PIT,32,3,0,0,0,4.0,6,2,3,2,0,0,0,0,0,0,4.50,2.00
Chris Leroux,PIT,36,2,0,0,0,4.0,4,3,3,6,1,0,0,0,0,0,6.75,2.50
Henry Rodriguez,CHC,33,5,0,0,0,4.0,6,2,1,4,1,0,0,0,0,0,4.50,2.50
Hideki Okajima,OAK,44,5,0,0,0,4.0,7,1,1,2,1,0,0,0,0,0,2.25,2.25
Mickey Storey,TOR,34,3,0,0,0,4.0,6,3,6,1,0,0,0,0,0,0,6.75,1.75
Nick Christiani,CIN,33,3,0,0,0,4.0,2,1,1,2,1,0,0,0,0,0,2.25,1.00
David Holmberg,ARI,29,1,1,0,0,3.2,6,3,0,3,0,0,0,0,0,0,7.36,2.45
Cesar Cabral,NYY,31,8,0,0,0,3.2,3,1,6,1,0,0,0,0,0,1,2.45,1.09
Zach Putnam,CHC,33,5,0,0,0,3.1,9,7,4,0,1,0,0,0,0,0,18.90,2.70
Chris Dwyer,KC,32,2,0,0,0,3.0,2,0,2,1,0,0,0,0,0,0,0.00,1.00
Pedro Figueroa,OAK,34,5,0,0,0,3.0,6,4,3,3,2,0,0,0,0,0,12.00,3.00
Victor Marte,STL,39,4,0,0,0,3.0,4,2,2,3,0,0,1,0,0,0,6.00,2.33
Hisanori Takahashi,CHC,45,3,0,0,0,3.0,3,2,3,2,1,0,0,0,0,0,6.00,1.67
Dave Bush,TOR,40,1,0,0,0,3.0,5,5,1,1,4,0,0,0,0,0,15.00,2.00
David Huff,CLE,36,3,0,0,0,3.0,7,5,5,1,0,0,0,0,0,0,15.00,2.67
Sean Henn,NYM,39,4,0,0,0,2.2,3,1,1,3,1,0,1,0,0,0,3.38,2.25
Aaron Laffey,TOR,35,1,1,0,0,2.2,2,2,0,5,0,0,0,0,0,0,6.75,2.63
Eric Surkamp,SF,33,1,1,0,0,2.2,9,7,0,0,2,0,1,0,0,0,23.63,3.38
Duane Below,MIA,34,2,0,0,0,2.2,6,3,2,2,0,0,1,0,0,0,10.13,3.00
Jairo Asencio,BAL,36,4,0,0,0,2.1,3,2,4,2,1,0,0,0,0,0,7.71,2.14
Maikel Cleto,STL,31,1,0,0,0,2.1,5,5,5,1,1,0,0,0,0,0,19.29,2.57
Cristhian Martinez,ATL,38,2,0,0,0,2.1,5,2,0,0,0,0,0,0,0,0,7.71,2.14
Kyle Drabek,TOR,32,3,0,0,0,2.1,4,2,3,2,1,0,0,0,0,0,7.71,2.57
Joe Paterson,ARI,34,2,0,0,0,2.1,2,1,2,0,0,0,0,0,0,0,3.86,0.86
Clay Rapada,CLE,39,4,0,0,0,2.0,1,0,0,2,0,0,0,0,0,0,0.00,1.50
Justin Germano,TOR,38,1,0,0,0,2.0,6,2,1,0,1,0,0,0,0,0,9.00,3.00
Luis Ayala,BAL,42,2,0,0,0,2.0,4,2,2,0,1,1,0,0,1,0,9.00,2.00
Chris Narveson,MIL,38,2,0,0,0,2.0,1,0,0,1,0,0,0,0,0,0,0.00,1.00
Josh Tomlin,CLE,35,1,0,0,0,2.0,2,0,0,0,0,0,0,0,0,0,0.00,1.00
Dan Stange,LAA,34,3,0,0,0,1.2,2,3,1,2,1,0,1,0,0,0,16.20,2.40
Miles Mikolas,SD,32,2,0,0,0,1.2,0,0,1,1,0,0,0,0,0,0,0.00,0.60
Zach Phillips,MIA,34,3,0,0,0,1.2,3,1,1,3,0,0,1,0,0,0,5.40,3.60
Cody Eppley,NYY,34,2,0,0,0,1.2,4,4,1,0,0,0,0,0,0,0,21.60,2.40
Zach Clark,BAL,37,1,0,0,0,1.2,3,3,1,2,0,0,0,0,0,0,16.20,3.00
Onelki Garcia,LAD,31,3,0,0,0,1.1,1,2,1,4,1,0,0,0,0,0,13.50,3.75
Sean Nolin,TOR,30,1,1,0,0,1.1,7,6,0,1,1,0,1,0,0,0,40.50,6.00
Mike Belfiore,BAL,31,1,0,0,0,1.1,3,2,0,1,2,0,0,0,0,0,13.50,3.00
Duke Welker,PIT,34,2,0,0,0,1.1,0,0,1,0,0,0,0,0,0,0,0.00,0.00
Alex Burnett,BAL,33,2,0,0,0,1.1,4,3,2,2,0,0,0,0,0,0,20.25,4.50
Wilmer Font,TEX,30,2,0,0,0,1.1,1,0,0,2,0,0,0,0,0,0,0.00,2.25
Jim Miller,NYY,38,1,0,0,0,1.1,3,3,0,1,1,0,0,0,0,0,20.25,3.00
Blake Wood,CLE,35,2,0,0,0,1.1,1,0,1,3,0,0,0,0,0,0,0.00,3.00
Tyler Robertson,MIN,32,2,0,0,0,1.0,1,1,2,0,1,0,0,0,0,1,9.00,1.00
Daniel Bard,BOS,35,2,0,0,0,1.0,1,1,1,2,0,0,0,0,0,0,9.00,3.00
Chris Bootcheck,NYY,41,1,0,0,0,1.0,2,1,1,2,0,0,0,0,0,0,9.00,4.00
Alex Burnett,CHC,33,1,0,0,0,1.0,1,0,0,0,0,0,0,0,0,0,0.00,1.00
Justin Freeman,CIN,33,1,0,0,0,1.0,2,2,0,0,1,0,0,0,0,0,18.00,2.00
Everett Teaford,KC,36,1,0,0,0,0.2,1,0,0,0,0,0,0,0,0,0,0.00,1.50
Jeff Beliveau,TB,33,1,0,0,0,0.2,1,0,0,1,0,0,0,0,0,0,0.00,3.00
Logan Kensing,COL,38,1,0,0,0,0.2,0,0,1,1,0,0,0,0,0,0,0.00,1.50
Rob Johnson,STL,37,1,0,0,0,0.1,0,0,1,0,0,0,0,0,0,0,0.00,0.00
Yunesky Maya,WAS,39,1,0,0,0,0.1,2,2,0,0,1,0,1,0,0,0,54.00,6.00
Mike Zagurski,NYY,37,1,0,0,0,0.1,1,2,0,0,0,0,0,0,0,0,54.00,3.00
David Carpenter,LAA,33,1,0,0,0,0.1,2,4,1,2,1,0,0,0,0,0,108.00,12.00